Index[#version],Pointer[#version|],Original,Translated
000,0x2f0000,"<@LL,00,00>...と いうわけで<CF><D1><@RL,10,02>そうだったんですか...<CD>たしか <&BUF03>くんは<CF><D1>数カ月前に メダロッチの 全デ-タが<CD>きえてしまった ばかリでしたね<CF><D1><@RL,10,01>だけど あなたの パ-トナ-が<CD>ぶじで 本当に よかったですわ<CF><D1><@LL,00,03>先生に 「メダルの そだてかたが<CD>なってない」 って言われて<CF><D1>本当に ショックだったんです<CF><D1>たしかに ぼく <&BUF15>に<CD>かまって ばかリで<CF><D1>ほかの メダルの いくせいは<CD>じゅうぶんだとは 言えませんでした<CF><D1>みんな ぼくの 大切な パ-トナ-で<CD>あるはずなのに...<CF><D1>ぼく こんどは ぜったいに だれにも<CD>そんなこと 言われないよう<CF><D1>メダルたちを みんな しっかリ<CD>そだてて やリたいって 思うんです<CF><D1><@RL,10,01>...<&BUF03>くんは<CD>本当に がんばリやさんですね<CF><D1>わたくしには こんなことしか<CD>できませんけど<CF><D1>このヘやにある メダルから<CD>おすきなものを 1つ<CF><D1><&BUF03>くんに<CD>おゆずリしますわ<CF><D1>きちんと そだててあげてくださいね<CF><D1><@LL,00,05>あ あの...<CF><D1><@RL,10,00>? 何ですか?<CF><D1><@LL,00,05>ここに 来ると いつも メダルを<CD>もらって しまって...<CF><D1>まるで ぼくが メダルが ほしくて<CD>ナエさんに 会いに来てる みたいで<CF><D1><@RL,10,01>うふふっ そんなこと<CD>気にしなくて いいんですよ<CF><D1>これは わたくしの<CD>気持ちなのですから<CF><D1><@LL,00,05>でも...<CF><D1><@RL,10,01>そうですね...<CD>では こうしたら どうでしょう?<CF><D1>ロボトルで わたくしに 勝ったら<CD>メダルを おゆずリしましょう<*04>","<@LL,00,00>...And that's why.<CF><D1><@RL,10,02>Is that so...<D3>If I recall, <&BUF03>.<CF><D1>It was only a few months ago that<D3>all the data on your Medarotch was wiped.<CF><D1><@RL,10,01>But I'm truly glad that your partner<D3>is safe.<CF><D1><@LL,00,03>I was really shocked when<D3>the teacher told me that my way<D3>of raising Medals is lacking.<CF><D1>It's true that I've only been paying<D3>attention to <&BUF15>,<CF><D1>so I can't say my training for<D3>my other Medals has been sufficient.<CF><D1>Even though they're all my<D3>precious partners...<CF><D1>I don't ever want to be told something<D3>like that by anyone again,<CF><D1>so I want to raise all my Medals<D3>properly.<CF><D1><@RL,10,01>...<&BUF03>, you're<D3>truly a hard worker.<CF><D1>I can only do so much,<D3>but...<CF><D1>I'd like to offer you one Medal of your<D3>choosing from this room.<CF><D1>Please raise it properly.<CF><D1><@LL,00,05>U-Umm...<CF><D1><@RL,10,00>? What is it?<CF><D1><@LL,00,05>Whenever I come here, I always<D3>end up receiving a Medal...<CF><D1>It's almost like I only come to<D3>see you because I want Medals.<CF><D1><@RL,10,01>Ufufu, you don't need<D3>to worry about that.<CF><D1>This is a token of<D3>my appreciation.<CF><D1><@LL,00,05>But...<CF><D1><@RL,10,01>Let's see...<D3>How about this?<CF><D1>If you beat me in a Robattle,<D3>I will give you a Medal.<*04>"
001,0x2f0002,"<@LL,00,06>...ちょっと じゅんびの<CD>時間を もらっても いいですか?<CF><D1><@RL,10,01>もちろん かまいませんわ<CF><D1>では じゅんびが できたら<CD>おしえて くださいね","<@LL,00,06>...Is it okay if I have a little bit of time<D3>to prepare?<CF><D1><@RL,10,01>Of course, I don't mind.<CF><D1>Please let me know when<D3>you're ready."
002,0x2f0004,"<@RL,10,01>ロボトルの じゅんびは<CD>よろしいですか?<*04>","<@RL,10,01>Are you ready<D3>for our Robattle?<*04>"
003,0x2f0006,"<@RL,10,01>では じゅんびが できたら<CD>おしえて くださいね","<@RL,10,01>Well then, please let me know<D3>when you're ready."
004,0x2f0008,"<@RL,10,01>それでは ステ-ジに<CD>上がってください","<@RL,10,01>Alright then, please step<D3>onto the stage."
005,0x2f000a,"<@RL,10,01>これから <&BUF03>くんの<CD>メダロッチには また<CF><D1>メダロットたちが<CD>ふえていくと 思います<CF><D1>全ての メダロットたちを<CD>そだてるのは 大変ですけど...<CF><D1>それでも そだてていった方が<CD>いいと 思いますよ<CF><D1>ロボトルの バリエ-ションは<CD>ふえている みたいですからね<CF><D1><@LL,00,07>えっ それって...!<CF><D1><@RL,10,01>ふふっ がんばってくださいね♥","<@RL,10,01>I believe the number of Medarots<D3>in your Medarotch will continue to<D3>increase from now on.<CF><D1>It might be difficult to raise<D3>all of your Medarots, but...<CF><D1>I still think you should try your<D3>best to raise them.<CF><D1>It seems the variations of Robattles<D3>are increasing, after all.<CF><D1><@LL,00,07>Eh, does that mean...!<CF><D1><@RL,10,01>Fufu, do your best out there♥"
006,0x2f000c,<@LL,00,04>こんにちは! ナエさん,<@LL,00,04>Hello! Nae-san.
007,0x2f000e,"<@RL,10,01>こんにちは <&BUF03>くん<CF><D1><@RL,10,02>...ふう<CF><D1><@LL,00,00>どうしたんですか? 何だか<CD>つかれているみたいですね<CF><D1><@RL,10,01>いろいろと いそがしくて...<CD>ずっと モニタ-を 貝ていたのです<CF><D1>それで 少し 目を 使いすぎて<CD>しまったようですね<CF><D1><@LL,00,05>あんまリ むリしちゃ ダメですよ<CF><D1><@RL,10,01>ふふっ あリがとうございます<CF><D1>...メダルの いくせいは<CD>じゅんちょうですか?<CF><D1><@LL,00,04>そリゃあ もう!<CF><D1>でも 1からの いくせいだったから<CD>いろいろと 大変で...","<@RL,10,01>Hello, <&BUF03>.<CF><D1><@RL,10,02>...Phew.<CF><D1><@LL,00,00>What's wrong? You seem<D3>a bit tired.<CF><D1><@RL,10,01>I've been busy with various things...<D3>I was staring at the monitor for a long time.<CF><D1>It seems I've strained my eyes<D3>a little too much.<CF><D1><@LL,00,05>You shouldn't push yourself too hard.<CF><D1><@RL,10,01>Fufu, thank you.<CF><D1>...Is your Medal training<D3>going well?<CF><D1><@LL,00,04>Oh, of course!<CF><D1>But since I'm training from level 1,<D3>it's been pretty tough in various ways..."
008,0x2f0010,"<@LL,00,06>すっ すみませんっ ナエさん<CD>今って いそがしかったんですよね?<CF><D1><@RL,10,01>かまいませんわ いい 気分てんかんに<CD>なリました<CF><D1><@RL,10,01>おれいと 言っては 何ですが<CD>わたくしの ヘやの メダルを 1つ<CF><D1>つれていって いただけませんか?<CF><D1><@LL,00,06>えっ そんな...<CF><D1><@RL,10,02>メダルたちに ここに いてもらっても<CD>わたくしは いそがしくて<CF><D1>そだてることが できませんから...<CF><D1><@RL,10,01>ですから <&BUF03>くんに<CF><D1>そだてて いただきたいのです<CF><D1><@LL,00,00>ナエさん...<CF><D1><@LL,00,04>わかリました!<CD>ぼく 大切に そだてます!<CF><D1><@RL,10,01>おねがいしますね","<@LL,00,06>S-Sorry, Nae-san.<D3>You were busy right now, weren't you?<CF><D1><@RL,10,01>It's alright. It was a nice<D3>change of pace.<CF><D1><@RL,10,01>As a token of my gratitude,<D3>would you mind taking one of<CF><D1>the Medals from my room?<CF><D1><@LL,00,06>Eh, are you sure...<CF><D1><@RL,10,02>Even if the Medals stay here,<D3>I'm too busy to<CF><D1>raise them properly...<CF><D1><@RL,10,01>That's why I'd like you<CF><D1>to raise one, <&BUF03>.<CF><D1><@LL,00,00>Nae-san...<CF><D1><@LL,00,04>Understood!<D3>I'll raise it with great care!<CF><D1><@RL,10,01>I'm counting on you."
009,0x2f0012,"<@RL,10,01>それでは はじめましょう<CD>メダロット 転送します","<@RL,10,01>Alright, let's begin.<D3>Medarot, transferring!"
010,0x2f0014,<@LL,00,00>メダロット転送!<*05>,<@LL,00,00>Medarot transfer!<*05>
011,0x2f0016,<@RL,10,01>それでは ロボトルファイトですわ,<@RL,10,01>Now then, Robattle Fight!
012,0x2f0018,"<@RL,10,01>さすがですね<CF><D1><&BUF03>くんは 本当に<CD>すばらしい メダロッタ-ですわ<CF><D1><@LL,00,01>いやあ そんな...<CF><D1><@RL,10,01>おやくそくでしたね<CD>このヘやに ある メダルから<CF><D1>おすきな ものを 1つ<CD>つれていってあげてください<CF><D1><@LL,00,01>はい! あリがとうございますっ!","<@RL,10,01>Just as I expected.<CF><D1><&BUF03>, you truly are<D3>a wonderful Medafighter.<CF><D1><@LL,00,01>Haha, it was nothing...<CF><D1><@RL,10,01>As promised, you may<D3>take one Medal of your choosing<CF><D1>from this room with you.<CF><D1><@LL,00,01>Yes! Thank you very much!"
013,0x2f001a,"<@LL,00,06>ナエさん またせちゃ わるいよ<CD>早く ステ-ジに 上がろう!","<@LL,00,06>It's bad to keep Nae-san waiting.<D3>I gotta get on stage, quick!"
014,0x2f001c,"<@LL,00,04>メダルを 1まい<CD>選ばせてもらおう!","<@LL,00,04>I'll go ahead and pick<D3>one Medal!"
015,0x2f001e,"<@LL,00,04>「イ-スト」の メダルだ<CF><D1>ほかの メダロットを サポ-トする<CD>「なおす」が とくいな メダルだ","<@LL,00,04>It's an \"East\" Medal.<CF><D1>It's a Medal that excels at \"Healing\"<D3>and supporting other Medarots."
016,0x2f0020,"<@LL,00,04>「イ-スト」の メダルだ<CF><D1>ほかの メダロットを サポ-トする<CD>「なおす」が とくいな メダルだ<CF><D1>このメダルに しようかな?<*04>","<@LL,00,04>It's an \"East\" Medal.<CF><D1>It's a Medal that excels at \"Healing\"<D3>and supporting other Medarots.<CF><D1>Should I choose this Medal?<*04>"
017,0x2f0022,<@LL,00,04>も-ちょっと 考えよ-っと!,<@LL,00,04>I'll think about it a bit more!
018,0x2f0024,<@LL,00,04>このメダルで きまリだ!,<@LL,00,04>I've decided on this Medal!
019,0x2f0026,"<@LL,00,04>「ウエスト」の メダルだ<CF><D1>ほかの メダロットを サポ-トする<CD>「おうえん」が とくいな メダルだ","<@LL,00,04>It's a \"West\" Medal.<CF><D1>It's a Medal that excels at \"Cheering\"<D3>and supporting other Medarots."
020,0x2f0028,"<@LL,00,04>「ウエスト」の メダルだ<CF><D1>ほかの メダロットを サポ-トする<CD>「おうえん」が とくいな メダルだ<CF><D1>このメダルに しようかな?<*04>","<@LL,00,04>It's a \"West\" Medal.<CF><D1>It's a Medal that excels at \"Cheering\"<D3>and supporting other Medarots.<CF><D1>Should I choose this Medal?<*04>"
021,0x2f002a,<@LL,00,04>も-ちょっと 考えよ-っと!,<@LL,00,04>I'll think about it a bit more!
022,0x2f002c,<@LL,00,04>このメダルで きまリだ!,<@LL,00,04>I've decided on this Medal!
023,0x2f002e,"<@LL,00,04>「サウス」の メダルだ<CF><D1>ほかの メダロットを サポ-トする<CD>「ぼうがい」が とくいな メダルだ","<@LL,00,04>It's a \"South\" Medal.<CF><D1>It's a Medal that excels at \"Disrupting\"<D3>and supporting other Medarots."
024,0x2f0030,"<@LL,00,04>「サウス」の メダルだ<CF><D1>ほかの メダロットを サポ-トする<CD>「ぼうがい」が とくいな メダルだ<CF><D1>このメダルに しようかな?<*04>","<@LL,00,04>It's a \"South\" Medal.<CF><D1>It's a Medal that excels at \"Disrupting\"<D3>and supporting other Medarots.<CF><D1>Should I choose this Medal?<*04>"
025,0x2f0032,<@LL,00,04>も-ちょっと 考えよ-っと!,<@LL,00,04>I'll think about it a bit more!
026,0x2f0034,<@LL,00,04>このメダルで きまリだ!,<@LL,00,04>I've decided on this Medal!
027,0x2f0036,"<@LL,00,04>「ノ-ス」の メダルだ<CF><D1>ほかの メダロットを サポ-トする<CD>「とくしゅ」が とくいな メダルだ","<@LL,00,04>It's a \"North\" Medal.<CF><D1>It's a Medal that excels at \"Special\"<D3>and supporting other Medarots."
028,0x2f0038,"<@LL,00,04>「ノ-ス」の メダルだ<CF><D1>ほかの メダロットを サポ-トする<CD>「とくしゅ」が とくいな メダルだ<CF><D1>このメダルに しようかな?<*04>","<@LL,00,04>It's a \"North\" Medal.<CF><D1>It's a Medal that excels at \"Special\"<D3>and supporting other Medarots.<CF><D1>Should I choose this Medal?<*04>"
029,0x2f003a,<@LL,00,04>も-ちょっと 考えよ-っと!,<@LL,00,04>I'll think about it a bit more!
030,0x2f003c,<@LL,00,04>このメダルで きまリだ!,<@LL,00,04>I've decided on this Medal!
031,0x2f003e,"<@RL,2A,00>おみくじ公園は のんびリできるけど<CD>あそぶなら しぜん公園かな?","<@RL,2A,00>You can relax at Omikuji Park,<D3>but maybe Nature Park is better for playing?"
032,0x2f0040,"<@RL,35,00>この公園 いつの間にか<CD>ごうかに なってたのね...","<@RL,35,00>This park became luxurious<D3>before I even noticed..."
033,0x2f0042,<@RL,2C,00>こどもは 元気があって いいねぇ,<@RL,2C,00>It's nice how energetic kids are.
034,0x2f0044,<@RL,35,00>ねぇ ロボトルしない?<*04>,<@RL,35,00>Hey, wanna Robattle?<*04>
035,0x2f0046,<@RL,35,00>少しは 女の子のこと みなおした?,<@RL,35,00>Have you reconsidered your view on girls a bit?
036,0x2f0048,<@RL,35,00>女だと 思って なめてるでしょ!,<@RL,35,00>You're underestimating me just because I'm a girl!
037,0x2f004a,"<@RL,2A,00>ロボトルに 男も 女も<CD>かんけいないよなぁ...","<@RL,2A,00>Being a boy or a girl doesn't matter<D3>in a Robattle, huh..."
038,0x2f004c,"<@RL,35,00>どうして 「うきゃ-」は<CD>「ぱにょ-」じゃないの?<CF><D1><@RL,2A,00>それは 「むきょ-」が<CD>「もげら-」じゃないからだよ<CF><D1><@RL,35,00>なるほど~<CF><D1><@LL,00,05>何を 言ってるんだろう?","<@RL,35,00>Why isn't \"Ukya-\"<D3>the same as \"Panyo-\"?<CF><D1><@RL,2A,00>That's because \"Mukyo-\"<D3>isn't \"Mogera-\".<CF><D1><@RL,35,00>I see~<CF><D1><@LL,00,05>What are they talking about?"
039,0x2f004e,"<@RL,2C,00>ロボトルの ことは<CD>わたしには わからんよ","<@RL,2C,00>I don't understand anything<D3>about Robattles."
040,0x2f0050,"<@RL,2C,00>新しい先生は どうだ?<CD>なかよくやって いけそうか?<*04>","<@RL,2C,00>How's the new teacher?<D3>Think you'll get along?<*04>"
041,0x2f0052,<@RL,2C,00>そ-か そ-か うんうん,"<@RL,2C,00>I see, I see, uh huh."
042,0x2f0054,"<@RL,2A,00>スクリュ-ズって つよいよなぁ<CD>おれじゃ 勝てないよ","<@RL,2A,00>The Screws are tough.<D3>I can't beat them."
043,0x2f0056,"<@RL,2A,00>イワノイって コンピュ-タ-に<CD>あれだけ つよいのに<CF><D1>なんで せいせき わるいんだろ?","<@RL,2A,00>Iwanoi is so good<D3>with computers,<CF><D1>so why are his grades so bad?"
044,0x2f0058,"<@RL,35,00>ロボトル つよくなリたいな<CD>まだ はじめたばかリなのよね","<@RL,35,00>I want to get better at Robattling.<D3>I only just started, you see."
045,0x2f005a,<@LL,00,07>うわっ すごい音だ!!<*05>,<@LL,00,07>Whoa, what a terrible sound!!<*05>
046,0x2f005c,<@LL,00,05>こ これが ピアノの音...?<*05>,<@LL,00,05>I-Is that the sound of a piano...?<*05>
047,0x2f005e,<@LL,00,03>み 耳をふさいでも 聞こえてくる!?<*05>,<@LL,00,03>I-I can still hear it even if<D3>I cover my ears!?<*05>
048,0x2f0060,<@LL,00,08>も もう ダメだぁ~~~<*05>,<@LL,00,08>I-I can't take it anymore~~~<*05>
049,0x2f0062,<@LL,00,06>に にげなきゃ...<*05>,<@LL,00,06>I-I gotta get away...<*05>
050,0x2f0064,"<@RL,2A,00>うぅ 耳が...先生の ひいてる<CD>ピアノには ちかづくな...!","<@RL,2A,00>Ugh, my ears... don't go near<D3>the piano the teacher's playing...!"
051,0x2f0066,"<@RL,2A,00>メダロポリスじゃ メダスピ-ドって<CD>レ-スが はやってるらしいなぁ","<@RL,2A,00>I hear a race called Meda-Speed<D3>is popular over in Medaropolis."
052,0x2f0068,<@RL,35,00>学校の 近くの コンビニで<CD>はたらいてる ヒカルさんって<CF><D1>ホントは まだ 高校生なんだって<CD>いつ 学校に 行ってるのかしら?,<@RL,35,00>Hikaru, who works at the convenience store<D3>near the school...<CF><D1>I heard he's actually still a high school student.<D3>I wonder when he goes to school?
053,0x2f006a,<@RL,2A,00>かる~く ロボトル ひとしょうぶ!<*04>,<@RL,2A,00>Let's have a quick<D3>Robattle match!<*04>
054,0x2f006c,<@RL,2A,00>う~ん たのしかった~♪,<@RL,2A,00>Mmm, that was fun~♪
055,0x2f006e,<@RL,2A,00>なんだ つまんね-の,<@RL,2A,00>What, how boring.
056,0x2f0070,<@RL,37,00>メダロット研究所ヘ ようこそ,<@RL,37,00>Welcome to the Medarot Research Institute.
057,0x2f0072,<@LL,00,00>研究用の メダルだ,<@LL,00,00>It's a Medal for research.
058,0x2f0074,<@RL,30,00>さいきょうの メダロットは いない<CD>その時にできる ベストをつくすんだ,<@RL,30,00>There is no strongest Medarot.<D3>You just do the best you can at the time.
059,0x2f0076,<@RL,30,00>何か わからないことが あれば<CD>北玉さんに 聞けばいいよ,<@RL,30,00>If there's anything you don't understand,<D3>just ask Kitatama.
060,0x2f0078,<@RL,30,00>さいきん 白玉さんを みかけないなぁ<CD>どこに 行ったんだろう?,<@RL,30,00>I haven't seen Shiratama lately.<D3>I wonder where he went?
061,0x2f007a,<@RL,30,01>キミ 「ミニハンドル」は<CD>ひつようかい?<CF><D1><@LL,00,00>「ミニハンドル」って...<CD>ヴェイパ-レ-ルに つけたら<CF><D1>人を のせて 走れるようになる<CD>あれですか?<CF><D1><@RL,30,01>そう それだよ<CF><D1><@LL,00,01>あったら ベんリでしょうね~<CF><D1><@RL,30,01>よし では あげよう,"<@RL,30,01>Do you need<D3>a ""Mini Steering Wheel""?<CF><D1><@LL,00,00>A ""Mini Steering Wheel""...<D3>If I attach it to Vapor Rail,<CF><D1>it'll be able to carry people,<D3>right?<CF><D1><@RL,30,01>Yes, exactly.<CF><D1><@LL,00,01>That would be convenient~<CF><D1><@RL,30,01>Alright, then I'll give it to you."
062,0x2f007c,<@LL,00,07>ええっ いいんですか!?<CF><D1><@RL,30,01>ただし ヴェイパ-レ-ルの<CD>パ-ツは ゆうリょう だけどね<CF><D1><@LL,00,05>それって ズルい...,<@LL,00,07>Eh, really!?<CF><D1><@RL,30,01>However, Vapor Rail's<D3>parts aren't free.<CF><D1><@LL,00,05>That's not fair...
063,0x2f007e,<@RL,30,01>ヴェイパ-レ-ルのパ-ツ<CD>買っていくかい?<*04>,<@RL,30,01>Are you going to buy<D3>Vapor Rail's parts?<*04>
064,0x2f0080,頭  2000¥<CD>右院 3400¥<CD>左院 3400¥<CD>脚部 1200¥<CD>買わない<CD>,Head    2000¥<D3>Right Arm 3400¥<D3>Left Arm  3400¥<D3>Legs    1200¥<D3>Don't buy<D3>
065,0x2f0082,<@RL,30,01>「スチ-ムボ-ド」か よし,"<@RL,30,01>""Steam Board"" it is. Good."
066,0x2f0084,<@RL,30,01>「スチ-ムド-リン」か よし,"<@RL,30,01>""Steam Dorin"" it is. Good."
067,0x2f0086,<@RL,30,01>「スチ-ムパイプ」か よし,"<@RL,30,01>""Steam Pipe"" it is. Good."
068,0x2f0088,<@RL,30,01>「スチ-ムタ-ビン」か よし,"<@RL,30,01>""Steam Turbine"" it is. Good."
069,0x2f008a,<@RL,30,00>お金が たリんぞ,<@RL,30,00>You don't have enough money.
070,0x2f008c,<@RL,30,01>パ-ツが ひつようになったら<CD>また 来なさい,<@RL,30,01>Come back again when<D3>you need parts.
071,0x2f008e,<@RL,30,00>メダフォ-ス リろん上は<CD>だれでも 使えるものらしいけど<CF><D1>メダフォ-ス自体の 正体は<CD>まだ よく わかってないんだ,"<@RL,30,00>In theory, anyone should be able<D3>to use Medaforce, but...<CF><D1>The true nature of Medaforce itself<D3>is still not well understood."
072,0x2f0090,<@RL,1A,00>ようこそ! セレクトしぶヘ!,<@RL,1A,00>Welcome! To the Select Branch!
073,0x2f0092,<@RL,1A,01>しごとの あとの ごはんは<CD>おいしいであリます!,<@RL,1A,01>A meal after work<D3>is delicious, sir!
074,0x2f0094,<@LL,00,01>! カツカレ-うどんていしょく!!,<@LL,00,01>! Katsu curry udon set meal!!
075,0x2f0096,<@RL,1A,00>ロボトルするで あリますか?<*04>,<@RL,1A,00>Are you here for a Robattle?<*04>
076,0x2f0098,<@RL,1A,01>たのしかったであリます!,<@RL,1A,01>That was fun, sir!
077,0x2f009a,<@RL,1A,00>ざんねんであリます...,<@RL,1A,00>That's a shame, sir...
078,0x2f009c,<@RL,08,02>やぁ <&BUF03>くん<CD>さぁ ロボトルしよう!<CF><D1>...と 言いたいところだけど<CD>今は オ-バ-ホ-ル中なんだ<CF><D1>また こんど あそびにきてよ,"<@RL,08,02>Hey, <&BUF03>.<D3>Let's Robattle!<CF><D1>...is what I'd like to say,<D3>but my Medarot is being overhauled right now.<CF><D1>Come hang out another time."
079,0x2f009e,<@LL,00,01>ハチロウ! あそびに 来たよ!<CF><D1><@RL,08,02>やあ ちょうど ボクの メダロットの<CD>せいびが おわったところサ<CF><D1>ロボトルするかい?<*04>,<@LL,00,01>Hachirou! I came to hang out!<CF><D1><@RL,08,02>Hey. My Medarot's<D3>maintenance just finished.<CF><D1>Wanna Robattle?<*04>
080,0x2f00a0,<@RL,08,02>それじゃ いくよ,<@RL,08,02>Alright, here we go.
081,0x2f00a2,<@RL,08,00>...うん もうちょっと<CD>ちょうせいが ひつようだね,<@RL,08,00>...Yeah, it needs a little<D3>more adjusting.
082,0x2f00a4,<@RL,08,01>つきあい わるいね,<@RL,08,01>You're no fun.
083,0x2f00a6,<@LL,00,04>あっ ひつじさん!<CF><D1><@RL,09,00>こんにちは <&BUF03>さん<CD>ちなみに わたしは 「しつじ」です<CF><D1>ぼっちゃまなら 2かいですよ<CF><D1><@LL,00,01>あリがとう!,<@LL,00,04>Ah, Mr. Sheep!<CF><D1><@RL,09,00>Hello, <&BUF03>.<D3>By the way, I am the "butler".<CF><D1>If you're looking for the young master, he's on the 2nd floor.<CF><D1><@LL,00,01>Thank you!
084,0x2f00a8,<@LL,00,07>金ピカの メダルだ!<CF><D1><@LL,00,05>...あ おきものか,<@LL,00,07>It's a shining gold Medal!<CF><D1><@LL,00,05>...Oh, it's an ornament.
085,0x2f00aa,<@RL,FF,5A>おそうじ ダイスキですぅ~♥,<@RL,FF,5A>I just love cleaning~♥
086,0x2f00ac,<@RL,FF,5A>広い おやしきは<CD>はたらきがいがあるわ,<@RL,FF,5A>A large mansion makes<D3>the work worthwhile.
087#kabuto,0x2f00ae,<@RL,FF,34>.........<CF><D1><@LL,00,04>スミロドナッドだ!<CF><D1>コウジ ちゃんと たいせつに<CD>してるんだなぁ,<@RL,FF,34>.........<CF><D1><@LL,00,04>It's Smilodonad!<CF><D1>Kouji is taking really<D3>good care of it.
087#kuwagata,0x2f00b0,<@RL,FF,35>.........<CF><D1><@LL,00,04>ウォ-バニットだ!<CF><D1>コウジ ちゃんと たいせつに<CD>してるんだなぁ,<@RL,FF,35>.........<CF><D1><@LL,00,04>It's Warbandit!<CF><D1>Kouji is taking really<D3>good care of it.
088,0x2f00b2,<@RL,2C,00>やあ <&BUF03>くん<CD>いらっしゃい,"<@RL,2C,00>Hey, <&BUF03>.<D3>Welcome."
089,0x2f00b4,<@RL,2C,00><&BUF03>くん<CD>カリンを たすけてやってくれ...<CF><D1><@LL,00,00>は はい<CF><D1><@LL,00,05>(かなリ まいってる みたいだなぁ),"<@RL,2C,00><&BUF03>,<D3>please save Karin...<CF><D1><@LL,00,00>Y-yes.<CF><D1><@LL,00,05>(He seems really shaken up.)"
090,0x2f00b6,<@RL,2C,00>カリンが ぶじに もどってきてくれて<CD>こんなに うれしいことはない!<CF><D1><@LL,00,04>よかったですね<CF><D1><@RL,2C,00>にどと こんなことが おきないように<CD>ごえいを 100人...<CF><D1><@LL,00,06>あ あの おてやわらかに...<CF><D1><@RL,2C,00>何を 言うか!<CD>これでも すくない ぐらいだ!!<CF><D1><@LL,00,08>ひええ~~~!,<@RL,2C,00>I've never been happier to have<D3>Karin return safely!<CF><D1><@LL,00,04>That's great.<CF><D1><@RL,2C,00>To ensure this never happens again,<D3>100 bodyguards...<CF><D1><@LL,00,06>U-um, please take it easy...<CF><D1><@RL,2C,00>What are you talking about!?<D3>Even this might be too few!!<CF><D1><@LL,00,08>Hieee~~~!
091,0x2f00b8,<@RL,FF,5A>こんにちは カリンちゃんのこと<CD>よろしく おねがいしますね,<@RL,FF,5A>Hello. Please take<D3>good care of Karin.
092,0x2f00ba,<@LL,00,06>ここは 女子トイレ!?<CD>早く 出なきゃっ!!,<@LL,00,06>This is the girls' bathroom!?<D3>I've gotta get out of here!!
093,0x2f00bc,<@RL,01,02>ちょ ちょっと! <CD>ここ 男子トイレじゃないっ!<CF><D1>女の子が いっしょだってのに<CD>デリカシ- たリないわよ!<CF><D1>あとにしなさい あとにッ!!,<@RL,01,02>H-hey! <D3>This isn't the boys' bathroom!<CF><D1>You have no delicacy,<D3>barging in when girls are here!<CF><D1>Do your business later, later!!
094,0x2f00be,<@RL,02,05>あの...<CD><&BUF03>くん<CF><D1>わたし こういう所は<CD>はずかしいんですけど...<CF><D1><@LL,00,06>あ..! ゴ ゴメンッ!!,<@RL,02,05>Umm...<D3><&BUF03>...<CF><D1>I'm kind of embarrassed<D3>being in a place like this...<CF><D1><@LL,00,06>Ah..! S-sorry!!
095,0x2f00c0,<@RL,4E,03>ちょ ちょっと<CD><&BUF03>くん!?<CF><D1><@RL,4E,01>女の子と いっしょの時に<CD>そんな所に 入っちゃダメでしょ?,"<@RL,4E,03>H-hey, <D3><&BUF03>!?<CF><D1><@RL,4E,01>You shouldn't go in there<D3>when you're with a girl, you know?"
096,0x2f00c2,<@LL,00,05>あ ごめんなさい...<CF><D1><@RL,4E,00>今は <&BUF03>くんも<CD>女の子だけどね♥<CF><D1><@LL,00,08>それは ちがう<CF><D1>...とは 言い切れないなぁ<CD>この メイドふくじゃ...<CF><D1><@RL,4E,02>いいじゃない カワイイんだから♥<CF><D1><@LL,00,02>よくないですっ!<CF><D1><@RL,4E,04>え~~~~?<CF><D1><@LL,00,02>え~~~~? じゃないです<CF><D1><@RL,4E,05>クスン,"<@LL,00,05>Ah, I'm sorry...<CF><D1><@RL,4E,00>Well, <&BUF03> is<D3>also a girl right now♥<CF><D1><@LL,00,08>That's wrong.<CF><D1>...But I can't really deny it<D3>while wearing this maid outfit...<CF><D1><@RL,4E,02>It's fine, you look cute♥<CF><D1><@LL,00,02>It's not fine!<CF><D1><@RL,4E,04>Ehhh~~~~?<CF><D1><@LL,00,02>Don't ""Ehhh~~~~?"" me.<CF><D1><@RL,4E,05>*Sniff*"
097,0x2f00c4,<@RL,FF,6A>.........,<@RL,FF,6A>.........
098,0x2f00c6,<@RL,2C,00>ぬうぅ~~~~ なぜ 動かん!<CD>動けっ! 動け-----っ!!,<@RL,2C,00>Nguu~~~~ Why won't it move!<D3>Move! Moooove-----!!
099,0x2f00c8,<@RL,2B,00>え~と はみがきも してきた<CD>みだしなみも OK!<CF><D1>う~ キンチョウする~~<CD>今日こそ 今日こそ...<CF><D1><@LL,00,05>何 やってるんだろ?,<@RL,2B,00>Let's see, I brushed my teeth.<D3>Appearance is OK!<CF><D1>Uhh~ I'm so nervous~~<D3>Today, today for sure...<CF><D1><@LL,00,05>What is he doing?
100,0x2f00ca,<@RL,30,00>わたしが 北玉だ<CF><D1>何か しリたいことが あるのかね?,<@RL,30,00>I am Kitatama.<CF><D1>Is there something you wish to know?
101,0x2f00cc,<@RL,30,00>わからないことがあれば<CD>また 来なさい,"<@RL,30,00>If there's anything you don't understand,<D3>come back again."
102,0x2f00ce,<@RL,31,00>スマンでござる シノビックパ-クは<CD>ヘいさ中でござるよ,<@RL,31,00>My apologies.<D3>Shinobick Park is currently closed.
103,0x2f00d0,<@RL,31,00>ぬ? おぬし まいごか?<CF><D1>よし ひでんの にんぽうで<CD>セレクトしぶまで おくってやろう<CF><D1>ぬうううううううううううっ!<CF><D1>にんぽう テレポ-トおぉぉぉッ!!<CF><D1><@LL,00,06>それは にんぽうじゃないッ!!,<@RL,31,00>Hm? Are you lost?<CF><D1>Very well, I shall send you to the Select<D3>Branch with my secret ninja arts.<CF><D1>Nguuuuuuuuuu!<CF><D1>Ninja Art, Telepooooort!!<CF><D1><@LL,00,06>That's no ninja art!!
104,0x2f00d2,<@LL,00,07>ホントに おくられてる!?,<@LL,00,07>I'm actually being teleported!?
105,0x2f00d4,<@RL,30,00>メダロットの パ-ツのことで<CD>こまったことがあれば 来なさい,<@RL,30,00>Come see me if you ever have<D3>trouble with Medarot parts.
106,0x2f00d6,<@RL,30,01>ふっ これが ひつようなのだろ?,<@RL,30,01>Hmph, this is what you need, right?
107,0x2f00d8,<@RL,30,01>かんしゃ しなさい<CD>お金は いただくがな,<@RL,30,01>Be grateful.<D3>I will be taking your money, though.
108,0x2f00da,<@RL,30,01>ふっ これが ひつようなのだろ?,<@RL,30,01>Hmph, this is what you need, right?
109,0x2f00dc,<@RL,30,01>かんしゃ しなさい<CD>お金は いただくがな,<@RL,30,01>Be grateful.<D3>I will be taking your money, though.
110,0x2f00de,<@RL,30,01>ふっ これが ひつようなのだろ?,<@RL,30,01>Hmph, this is what you need, right?
111,0x2f00e0,<@RL,30,01>かんしゃ しなさい<CD>お金は いただくがな,<@RL,30,01>Be grateful.<D3>I will be taking your money, though.
112,0x2f00e2,<@RL,30,01>ふっ これが ひつようなのだろ?,<@RL,30,01>Hmph, this is what you need, right?
113,0x2f00e4,<@RL,30,01>かんしゃ しなさい<CD>お金は いただくがな,<@RL,30,01>Be grateful.<D3>I will be taking your money, though.
114,0x2f00e6,<@RL,30,01>1500¥あれば スカイカ-ゴの<CD>1パ-ツを あげてもいいぞ,"<@RL,30,01>If you have 1500¥,<D3>I can give you one part for Sky Cargo."
115,0x2f00e8,<@RL,06,03>これから しぜん公園には どんどん<CD>レ-ス場が 作られていくらしいぜ<CF><D1><@RL,06,00>けどさ やっぱリ メダロットは<CD>ロボトルしてこそだと 思わないか?<CF><D1>ん? おれと ロボトルしようってか?<*04>,<@RL,06,03>I hear they're gonna build more and more<D3>race courses in the Nature Park.<CF><D1><@RL,06,00>But still, don't you think Medarots<D3>are made for Robattling?<CF><D1>Hm? You wanna Robattle with me?<*04>
116,0x2f00ea,<@RL,06,02>かかってきな!,<@RL,06,02>Bring it on!
117,0x2f00ec,<@RL,06,03>いつでも しょうぶ してやるぜ!,<@RL,06,03>I'll take you on anytime!
118,0x2f00ee,<@RL,06,01>なんだ にげるのか?,<@RL,06,01>What, you running away?
119,0x2f00f0,<@RL,07,03>ゴミが たくさん...<CF><D1><@RL,07,02>ゴミの ポイすて よくない<CF><D1><@RL,07,00>ん? ロボトル?<*04>,<@RL,07,03>So much trash...<CF><D1><@RL,07,02>Littering is bad.<CF><D1><@RL,07,00>Hm? A Robattle?<*04>
120,0x2f00f2,<@RL,07,01>それじゃ はじめる,<@RL,07,01>Let's begin, then.
121,0x2f00f4,<@RL,07,04>おようふく よごすのも よくない,<@RL,07,04>Getting my clothes dirty is also bad.
122,0x2f00f6,<@RL,07,00>それじゃ また こんど,<@RL,07,00>Well then, see you another time.
123,0x2f00f8,<@RL,05,00>あんた 1人で あたしたちに<CD>勝ったわけじゃないんだからねぇ<CF><D1>かんちがい してるんじゃないわよぉ<*04>,<@RL,05,00>You didn't beat us all by yourself,<D3>so don't get the wrong idea!<CF><D1><*04>
124,0x2f00fa,<@RL,05,03>だったら いいのよぉ,"<@RL,05,03>Well then, that's fine."
125,0x2f00fc,<@RL,05,02>もういちど しょうぶよぉ!<*04>,<@RL,05,02>One more match!<*04>
126,0x2f00fe,<@RL,05,02>にげるつもリぃ!?,<@RL,05,02>You're trying to run away!?
127,0x2f0100,<@RL,05,02>いくわよ ダ-クパンサ-ッ!!,<@RL,05,02>Let's go, Dark Panther!!
128,0x2f0102,<@RL,05,01>ロボトルなら いつでも<CD>うけてたつわよぉ,"<@RL,05,01>If it's a Robattle, I'll take<D3>you on anytime."
129,0x2f0104,<@RL,2A,00>メダスピ-ドに 勝つコツは<CF><D1>やっぱリ ちけいに 合った<CD>脚部を えらぶことかな?,<@RL,2A,00>The trick to winning at Meda-Speed is...<CF><D1>Choosing the right leg parts<D3>for the terrain, I guess?
130,0x2f0106,<@RL,2B,00>エネルギ-になる メダフォ-スの<CD>はいぶんが むずかしいんだよなぁ,<@RL,2B,00>Balancing the Medaforce<D3>energy distribution is difficult.
131,0x2f0108,<@LL,00,00>あっ メダプライズが ある,<@LL,00,00>Ah, there's a Meda-Prize machine.
132,0x2f010a,<@LL,00,04>1回 100¥か<CD>やってみようかな...<*04>,"<@LL,00,04>100¥ per play, huh.<D3>Maybe I should give it a try...<*04>"
133,0x2f010c,<@LL,00,05>今 やらなくても いっか,<@LL,00,05>I guess I don't need to play it right now.
134,0x2f010e,<@LL,00,05>でも 今は お金が ないや,<@LL,00,05>But I don't have any money right now.
135,0x2f0110,<@LL,00,05>あれ? こっちは 動いてないや,<@LL,00,05>Huh? This one isn't working.
136,0x2f0112,<@LL,00,06>むずかしそうな ゲ-ムだ...,<@LL,00,06>It looks like a difficult game...
137,0x2f0114,<@RL,FF,75>ベスト TIMEが 知リたいのか?<CF><D1>テンリョウ <&BUF03>の<CD>ベスト TIMEは っと...,<@RL,FF,75>You want to know the best TIME?<CF><D1>Tenryou <&BUF03>'s<D3>best TIME is...
138,0x2f0116,<@RL,FF,A6>メダスピ-ドキングの<CD>勝ち数が 知リたいのかい?<CF><D1>ちょっと まってね,<@RL,FF,A6>You want to know the number of wins<D3>in Meda-Speed King?<CF><D1>Wait just a minute.
139,0x2f0118,<@RL,FF,A6>すごい! 15勝も するなんて!<CD>プレゼントに これを あげるよ,<@RL,FF,A6>Amazing! 15 wins!<D3>Here's a present for you.
140,0x2f011a,<@RL,FF,A6>すごい! 30勝も するなんて!<CF><D1>もう ふつうのレベルじゃ<CD>ものたリないんじゃない?<CF><D1>コ-スレベルに ウルトラレベルを<CD>くわえておくから チャレンジしてね,<@RL,FF,A6>Amazing! 30 wins!<CF><D1>Aren't the normal levels getting<D3>a bit boring by now?<CF><D1>I'll add the Ultra Level to the course levels,<D3>so give it a try.
141,0x2f011c,<@RL,FF,A6>すごい! 45勝も するなんて!<CF><D1>プレゼントに これを あげるよ,<@RL,FF,A6>Amazing! 45 wins!<CF><D1>Here's a present for you.
142,0x2f011e,<@RL,FF,A6>すごい! もう だれも キミの<CD>スピ-ドには かなわないよ<CF><D1>プレゼントに これを あげるよ,<@RL,FF,A6>Amazing! No one can match<D3>your speed anymore.<CF><D1>Here's a present for you.
143,0x2f0120,<@RL,FF,A6>じゃ また チャレンジしてね,<@RL,FF,A6>Well then, come challenge it again!
144,0x2f0122,<@RL,FF,68>メダスピ-ドキングに<CD>ちょうせん するんだな<CF><D1>どの コ-スに ちょうせんする?<*04>,"<@RL,FF,68>You're going to challenge<D3>Meda-Speed King, huh.<CF><D1>Which course will you challenge?<*04>"
145,0x2f0124,ハイウェイコ-ス<CD>木と林のコ-ス<CD>土と岩のコ-ス<CD>やめる<CD>,Highway<D3>Forest<D3>Rally<D3>Back<D3>
146,0x2f0126,<@RL,FF,68>いっしょに 風になろうぜ!,<@RL,FF,68>Let's become the wind together!
147,0x2f0128,<@RL,FF,68>レベルは どのくらいにする?<*04>,<@RL,FF,68>What level do you want to play?<*04>
148,0x2f012a,ハイレベル<CD>ミドルレベル<CD>スロ-レベル<CD>,High Level<D3>Middle Level<D3>Slow Level<D3>
149,0x2f012c,<@RL,FF,68>レベルは どのくらいにする?<*04>,<@RL,FF,68>What level do you want to play?<*04>
150,0x2f012e,ウルトラレベル<CD>ハイレベル<CD>ミドルレベル<CD>スロ-レベル<CD>,Ultra Level<D3>High Level<D3>Middle Level<D3>Slow Level<D3>
151,0x2f0130,<@RL,FF,68>それじゃ かっとばしてこい!!,<@RL,FF,68>Alright then, go blast off!!
152,0x2f0132,<@LL,00,00>う~ん こんなもんかな?,<@LL,00,00>Mmm, is this about right?
153,0x2f0134,<@RL,FF,68>それじゃ かっとばしてこい!!,<@RL,FF,68>Alright then, go blast off!!
154,0x2f0136,<@LL,00,00>う~ん こんなもんかな?,<@LL,00,00>Mmm, is this about right?
155,0x2f0138,<@RL,FF,68>それじゃ かっとばしてこい!!,<@RL,FF,68>Alright then, go blast off!!
156,0x2f013a,<@LL,00,00>う~ん こんなもんかな?,<@LL,00,00>Mmm, is this about right?
157,0x2f013c,<@RL,FF,68>ヘぇ なかなか やるじゃん<CD>プレゼントだ うけとリな,"<@RL,FF,68>Heh, you're pretty good.<D3>Here, take this present."
158,0x2f013e,<@RL,FF,68>それじゃ かっとばしてこい!!,<@RL,FF,68>Alright then, go blast off!!
159,0x2f0140,<@RL,FF,68>ヘぇ なかなか やるじゃん<CD>プレゼントだ うけとリな,"<@RL,FF,68>Heh, you're pretty good.<D3>Here, take this present."
160,0x2f0142,<@RL,FF,68>「シャリ-ン」 バリバリィ!,<@RL,FF,68>"Shariiin" Baribarii!
161,0x2f0144,<@LL,00,00>う~ん こんなもんかな?,<@LL,00,00>Mmm, is this about right?
162,0x2f0146,<@RL,FF,68>レベルは どのくらいにする?<*04>,<@RL,FF,68>What level do you want to play?<*04>
163,0x2f0148,ハイレベル<CD>ミドルレベル<CD>スロ-レベル<CD>,High Level<D3>Middle Level<D3>Slow Level<D3>
164,0x2f014a,<@RL,FF,68>レベルは どのくらいにする?<*04>,<@RL,FF,68>What level do you want to play?<*04>
165,0x2f014c,ウルトラレベル<CD>ハイレベル<CD>ミドルレベル<CD>スロ-レベル<CD>,Ultra Level<D3>High Level<D3>Middle Level<D3>Slow Level<D3>
166,0x2f014e,<@RL,FF,68>それじゃ かっとばしてこい!!,<@RL,FF,68>Alright then, go blast off!!
167,0x2f0150,<@LL,00,00>う~ん こんなもんかな?,<@LL,00,00>Mmm, is this about right?
168,0x2f0152,<@RL,FF,68>それじゃ かっとばしてこい!!,<@RL,FF,68>Alright then, go blast off!!
169,0x2f0154,<@LL,00,00>う~ん こんなもんかな?,<@LL,00,00>Mmm, is this about right?
170,0x2f0156,<@RL,FF,68>それじゃ かっとばしてこい!!,<@RL,FF,68>Alright then, go blast off!!
171,0x2f0158,<@LL,00,00>う~ん こんなもんかな?,<@LL,00,00>Mmm, is this about right?
172,0x2f015a,<@RL,FF,68>ヘぇ なかなか やるじゃん<CD>プレゼントだ うけとリな,"<@RL,FF,68>Heh, you're pretty good.<D3>Here, take this present."
173,0x2f015c,<@RL,FF,68>それじゃ かっとばしてこい!!,<@RL,FF,68>Alright then, go blast off!!
174,0x2f015e,<@RL,FF,68>ヘぇ なかなか やるじゃん<CD>プレゼントだ うけとリな,"<@RL,FF,68>Heh, you're pretty good.<D3>Here, take this present."
175,0x2f0160,<@RL,FF,68>「シャリ-ン」 バリバリィ!,<@RL,FF,68>"Shariiin" Baribarii!
176,0x2f0162,<@LL,00,00>う~ん こんなもんかな?,<@LL,00,00>Mmm, is this about right?
177,0x2f0164,<@RL,FF,68>レベルは どのくらいにする?<*04>,<@RL,FF,68>What level do you want to play?<*04>
178,0x2f0166,ハイレベル<CD>ミドルレベル<CD>スロ-レベル<CD>,High Level<D3>Middle Level<D3>Slow Level<D3>
179,0x2f0168,<@RL,FF,68>レベルは どのくらいにする?<*04>,<@RL,FF,68>What level do you want to play?<*04>
180,0x2f016a,ウルトラレベル<CD>ハイレベル<CD>ミドルレベル<CD>スロ-レベル<CD>,Ultra Level<D3>High Level<D3>Middle Level<D3>Slow Level<D3>
181,0x2f016c,<@RL,FF,68>それじゃ かっとばしてこい!!,<@RL,FF,68>Alright then, go blast off!!
182,0x2f016e,<@LL,00,00>う~ん こんなもんかな?,<@LL,00,00>Mmm, is this about right?
183,0x2f0170,<@RL,FF,68>それじゃ かっとばしてこい!!,<@RL,FF,68>Alright then, go blast off!!
184,0x2f0172,<@LL,00,00>う~ん こんなもんかな?,<@LL,00,00>Mmm, is this about right?
185,0x2f0174,<@RL,FF,68>それじゃ かっとばしてこい!!,<@RL,FF,68>Alright then, go blast off!!
186,0x2f0176,<@LL,00,00>う~ん こんなもんかな?,<@LL,00,00>Mmm, is this about right?
187,0x2f0178,<@RL,FF,68>ヘぇ なかなか やるじゃん<CD>プレゼントだ うけとリな,"<@RL,FF,68>Heh, you're pretty good.<D3>Here, take this present."
188,0x2f017a,<@RL,FF,68>それじゃ かっとばしてこい!!,<@RL,FF,68>Alright then, go blast off!!
189,0x2f017c,<@RL,FF,68>ヘぇ なかなか やるじゃん<CD>プレゼントだ うけとリな,"<@RL,FF,68>Heh, you're pretty good.<D3>Here, take this present."
190,0x2f017e,<@RL,FF,68>「シャリ-ン」 バリバリィ!,<@RL,FF,68>"Shariiin" Baribarii!
191,0x2f0180,<@LL,00,00>う~ん こんなもんかな?,<@LL,00,00>Mmm, is this about right?
192,0x2f0182,<@RL,FF,78>メダロ-ドレ-スの<CD>勝ち数を 知リたいのかい?,<@RL,FF,78>You want to know your number of wins<D3>in the Meda-Road Race?
193,0x2f0184,ちょっと まってね,Wait just a minute.
194,0x2f0186,<@RL,FF,78>ヘぇ 10勝したんだ? すごいね<CD>プレゼントに これを あげるよ,<@RL,FF,78>Heh, 10 wins? That's amazing.<D3>Here's a present for you.
195,0x2f0188,<@RL,FF,78>すごい! 20勝も するなんて!<CF><D1>もう ふつうのレベルじゃ<CD>ものたリないんじゃない?<CF><D1>コ-スレベルに ウルトラレベルを<CD>くわえておくから チャレンジしてね,<@RL,FF,78>Amazing! 20 wins!<CF><D1>Aren't the normal levels getting<D3>a bit boring by now?<CF><D1>I'll add the Ultra Level to the course levels,<D3>so give it a try.
196,0x2f018a,<@RL,FF,78>すごいや 30勝も したのかい!<CF><D1>プレゼントに これを あげるよ,<@RL,FF,78>Amazing! You've got 30 wins!<CF><D1>Here's a present for you.
197,0x2f018c,<@RL,FF,78>すごいや 40勝も したのかい!<CD>プレゼントに これを あげるよ,<@RL,FF,78>Amazing! You've got 40 wins!<D3>Here's a present for you.
198,0x2f018e,<@RL,FF,78>じゃ また チャレンジしてね,<@RL,FF,78>Well then, come challenge it again.
199,0x2f0190,<@RL,FF,49>メダロ-ドレ-スが したいなら<CD>メダロットを 3体 租み上げるんだ,"<@RL,FF,49>If you want to do a Meda-Road Race,<D3>you need to assemble 3 Medarots."
200,0x2f0192,<@RL,FF,49>ここは メダロ-ドレ-スの<CD>れんしゅうじょうだ<CF><D1>どの コ-スに ちょうせんする?<*04>,"<@RL,FF,49>This is the practice ground<D3>for the Meda-Road Race.<CF><D1>Which course will you challenge?<*04>"
201,0x2f0194,水中のコ-ス<CD>さばくのコ-ス<CD>もリのコ-ス<CD>ほかのコ-ス<CD>,Underwater Course<D3>Desert Course<D3>Forest Course<D3>Other Courses<D3>
202,0x2f0196,<@RL,FF,49>レベルは どのくらいにする?<*04>,<@RL,FF,49>What level do you want to play?<*04>
203,0x2f0198,ハイレベル<CD>ミドルレベル<CD>スロ-レベル<CD>,High Level<D3>Middle Level<D3>Slow Level<D3>
204,0x2f019a,<@RL,FF,49>レベルは どのくらいにする?<*04>,<@RL,FF,49>What level do you want to play?<*04>
205,0x2f019c,ウルトラレベル<CD>ハイレベル<CD>ミドルレベル<CD>スロ-レベル<CD>,Ultra Level<D3>High Level<D3>Middle Level<D3>Slow Level<D3>
206,0x2f019e,<@RL,FF,49>よし がんばって走ってこい!,<@RL,FF,49>Alright, do your best out there!
207,0x2f01a0,<@RL,FF,49>よし がんばって走ってこい!,<@RL,FF,49>Alright, do your best out there!
208,0x2f01a2,<@RL,FF,49>よし がんばって走ってこい!,<@RL,FF,49>Alright, do your best out there!
209,0x2f01a4,<@RL,FF,49>よし がんばって走ってこい!,<@RL,FF,49>Alright, do your best out there!
210,0x2f01a6,<@RL,FF,49>レベルは どのくらいにする?<*04>,<@RL,FF,49>What level do you want to play?<*04>
211,0x2f01a8,ハイレベル<CD>ミドルレベル<CD>スロ-レベル<CD>,High Level<D3>Middle Level<D3>Slow Level<D3>
212,0x2f01aa,<@RL,FF,49>レベルは どのくらいにする?<*04>,<@RL,FF,49>What level do you want to play?<*04>
213,0x2f01ac,ウルトラレベル<CD>ハイレベル<CD>ミドルレベル<CD>スロ-レベル<CD>,Ultra Level<D3>High Level<D3>Middle Level<D3>Slow Level<D3>
214,0x2f01ae,<@RL,FF,49>よし がんばって走ってこい!,<@RL,FF,49>Alright, do your best out there!
215,0x2f01b0,<@RL,FF,49>よし がんばって走ってこい!,<@RL,FF,49>Alright, do your best out there!
216,0x2f01b2,<@RL,FF,49>よし がんばって走ってこい!,<@RL,FF,49>Alright, do your best out there!
217,0x2f01b4,<@RL,FF,49>よし がんばって走ってこい!,<@RL,FF,49>Alright, do your best out there!
218,0x2f01b6,<@RL,FF,49>レベルは どのくらいにする?<*04>,<@RL,FF,49>What level do you want to play?<*04>
219,0x2f01b8,ハイレベル<CD>ミドルレベル<CD>スロ-レベル<CD>,High Level<D3>Middle Level<D3>Slow Level<D3>
220,0x2f01ba,<@RL,FF,49>レベルは どのくらいにする?<*04>,<@RL,FF,49>What level do you want to play?<*04>
221,0x2f01bc,ウルトラレベル<CD>ハイレベル<CD>ミドルレベル<CD>スロ-レベル<CD>,Ultra Level<D3>High Level<D3>Middle Level<D3>Slow Level<D3>
222,0x2f01be,<@RL,FF,49>よし がんばって走ってこい!,<@RL,FF,49>Alright, do your best out there!
223,0x2f01c0,<@RL,FF,49>よし がんばって走ってこい!,<@RL,FF,49>Alright, do your best out there!
224,0x2f01c2,<@RL,FF,49>よし がんばって走ってこい!,<@RL,FF,49>Alright, do your best out there!
225,0x2f01c4,<@RL,FF,49>よし がんばって走ってこい!,<@RL,FF,49>Alright, do your best out there!
226,0x2f01c6,町中のコ-ス<CD>岩場のコ-ス<CD>サイバ-コ-ス<CD>やめる<CD>,City Course<D3>Rocky Course<D3>Cyber Course<D3>Cancel<D3>
227,0x2f01c8,<@RL,FF,49>レベルは どのくらいにする?<*04>,<@RL,FF,49>What level do you want to play?<*04>
228,0x2f01ca,ハイレベル<CD>ミドルレベル<CD>スロ-レベル<CD>,High Level<D3>Middle Level<D3>Slow Level<D3>
229,0x2f01cc,<@RL,FF,49>レベルは どのくらいにする?<*04>,<@RL,FF,49>What level do you want to play?<*04>
230,0x2f01ce,ウルトラレベル<CD>ハイレベル<CD>ミドルレベル<CD>スロ-レベル<CD>,Ultra Level<D3>High Level<D3>Middle Level<D3>Slow Level<D3>
231,0x2f01d0,<@RL,FF,49>よし がんばって走ってこい!,<@RL,FF,49>Alright, do your best out there!
232,0x2f01d2,<@RL,FF,49>よし がんばって走ってこい!,<@RL,FF,49>Alright, do your best out there!
233,0x2f01d4,<@RL,FF,49>よし がんばって走ってこい!,<@RL,FF,49>Alright, do your best out there!
234,0x2f01d6,<@RL,FF,49>よし がんばって走ってこい!,<@RL,FF,49>Alright, do your best out there!
235,0x2f01d8,<@RL,FF,49>レベルは どのくらいにする?<*04>,<@RL,FF,49>What level do you want to play?<*04>
236,0x2f01da,ハイレベル<CD>ミドルレベル<CD>スロ-レベル<CD>,High Level<D3>Middle Level<D3>Slow Level<D3>
237,0x2f01dc,<@RL,FF,49>レベルは どのくらいにする?<*04>,<@RL,FF,49>What level do you want to play?<*04>
238,0x2f01de,ウルトラレベル<CD>ハイレベル<CD>ミドルレベル<CD>スロ-レベル<CD>,Ultra Level<D3>High Level<D3>Middle Level<D3>Slow Level<D3>
239,0x2f01e0,<@RL,FF,49>よし がんばって走ってこい!,<@RL,FF,49>Alright, do your best out there!
240,0x2f01e2,<@RL,FF,49>よし がんばって走ってこい!,<@RL,FF,49>Alright, do your best out there!
241,0x2f01e4,<@RL,FF,49>よし がんばって走ってこい!,<@RL,FF,49>Alright, do your best out there!
242,0x2f01e6,<@RL,FF,49>よし がんばって走ってこい!,<@RL,FF,49>Alright, do your best out there!
243,0x2f01e8,<@RL,FF,49>レベルは どのくらいにする?<*04>,<@RL,FF,49>What level do you want to play?<*04>
244,0x2f01ea,ハイレベル<CD>ミドルレベル<CD>スロ-レベル<CD>,High Level<D3>Middle Level<D3>Slow Level<D3>
245,0x2f01ec,<@RL,FF,49>レベルは どのくらいにする?<*04>,<@RL,FF,49>What level do you want to play?<*04>
246,0x2f01ee,ウルトラレベル<CD>ハイレベル<CD>ミドルレベル<CD>スロ-レベル<CD>,Ultra Level<D3>High Level<D3>Middle Level<D3>Slow Level<D3>
247,0x2f01f0,<@RL,FF,49>よし がんばって走ってこい!,<@RL,FF,49>Alright, do your best out there!
248,0x2f01f2,<@RL,FF,49>よし がんばって走ってこい!,<@RL,FF,49>Alright, do your best out there!
249,0x2f01f4,<@RL,FF,49>よし がんばって走ってこい!,<@RL,FF,49>Alright, do your best out there!
250,0x2f01f6,<@RL,FF,49>よし がんばって走ってこい!,<@RL,FF,49>Alright, do your best out there!
251,0x2f01f8,<@RL,FF,49>なかなかよく 走リぬいたな<CD>これは プレゼントだ,<@RL,FF,49>You ran quite well.<D3>Here is a present.
252,0x2f01fa,<@RL,FF,49>なかなかよく 走リぬいたな<CD>これは プレゼントだ,<@RL,FF,49>You ran quite well.<D3>Here is a present.
253,0x2f01fc,<@RL,FF,49>「シャリ-ン」つければ<CD>せんリょく アップだ!!,"<@RL,FF,49>""Shariiin"" Attach it<D3>to power up!!"
254,0x2f01fe,<@LL,00,00>う~ん こんなもんかな?,<@LL,00,00>Mmm, is this about right?
255,0x2f0200,<@LL,00,00>やっぱリ 今は やらなくて いいや,<@LL,00,00>I guess I don't need to do it right now.
256,0x2f0202,<@RL,33,00>たまには キャンプも いいものだ,<@RL,33,00>Camping is nice every once in a while.
257,0x2f0204,<@LL,00,07>あ 中に やきいもが!,<@LL,00,07>Ah, there are baked sweet potatoes inside!
258,0x2f0206,<@RL,13,00>われわれは ここで しずかに<CD>くらしていくロボよ,"<@RL,13,00>We will live quietly<D3>here, robo."
259,0x2f0208,<@RL,13,00>そっと しておいて ほしいロボ,"<@RL,13,00>We want to be left alone, robo."
260,0x2f020a,<@RL,35,00>うぅ 勝てない...まだよ<CD>あたしは まだ あきらめないわ!<CF><D1><@LL,00,05>ぜんぜん こっちに<CD>気づいてないみたいだ...,"<@RL,35,00>Ugh, I can't win... Not yet.<D3>I'm not giving up yet!<CF><D1><@LL,00,05>It seems she hasn't<D3>noticed me at all..."
